<configuration name="xml_rpc.conf" description="XML RPC">
  <settings>
    <!-- The port where you want to run the http service (default 8080) -->
    <param name="http-port" value="8080"/>
    <!-- if all 3 of the following params exist all http traffic will require auth -->
    <!-- Отключяем ввод пользователя и пароля -->
    <!-- <param name="auth-realm" value="freeswitch"/> -->
    <!-- <param name="auth-user" value="freeswitch"/> -->
    <!-- <param name="auth-pass" value="worksfalse"/> -->

    <!-- regex pattern to match against commands called against this service.
         If a command with arguments matches, it will be logged at INFO level -->
    <!--<param name="commands-to-log" value=""/> -->
    <!-- Добавляем поддержку вебсокетов, по умолчанию настройка отсуствует -->
    <param name = "enable-websocket" value = "true" />
  </settings>
</configuration>
